Research Direction,Timeline,Key Technologies,Expected Impact,Priority
Explainable AI,Short-term (1-2 years),"Grad-CAM integration, attention visualization",Model interpretability for regulatory compliance,High
Few-shot Learning,Short-term (1-2 years),"Prototypical networks, MAML",Rapid adaptation to novel defect types,High
Edge Computing,Medium-term (2-3 years),"Model compression, specialized accelerators",Real-time processing with low latency,High
Multimodal Fusion,Medium-term (2-3 years),"Cross-modal attention, sensor integration",Enhanced accuracy through diverse data sources,Medium
Generative Models,Medium-term (2-3 years),"Physics-informed GANs, controllable generation",Synthetic data augmentation for rare defects,Medium
Quantum Computing,Long-term (5+ years),Quantum machine learning algorithms,Exponential speedup for pattern recognition,Low
Neuromorphic Systems,Long-term (5+ years),"Event-driven processing, spike-based computing",Ultra-low power edge inference,Low
AutoML Integration,Short-term (1-2 years),"Neural architecture search, hyperparameter optimization",Automated model development for new processes,Medium
Federated Learning,Medium-term (2-3 years),Distributed training across facilities,Privacy-preserving collaborative learning,Medium
Digital Twins,Medium-term (2-3 years),"Virtual fab simulation, predictive modeling",Proactive defect prevention,High
